run,time,camera,res,status,corners,markers,px_cell,dist_cm,angle_deg,note
run1-handheld-lenovo-low,121213,TRACKING (Astra),1920x1080,OK,18,14,10.9,60,49,
run1-handheld-lenovo-low,121213,CALIBRATION (Lenovo),1920x1080,OK,14,11,6.5,81,67,
run1-handheld-lenovo-low,121213,TRACKING (Astra),1920x1080,OK,18,14,10.9,60,49,
run1-handheld-lenovo-low,121213,CALIBRATION (Lenovo),1920x1080,OK,12,10,6.5,81,67,
run1-handheld-lenovo-low,121213,TRACKING (Astra),1920x1080,OK,18,14,10.9,60,49,
run1-handheld-lenovo-low,121213,CALIBRATION (Lenovo),1920x1080,OK,12,10,6.5,81,67,
run1-handheld-lenovo-low,121214,TRACKING (Astra),1920x1080,OK,18,14,10.9,60,49,
run1-handheld-lenovo-low,121214,CALIBRATION (Lenovo),1920x1080,OK,12,10,6.6,81,65,
run1-handheld-lenovo-low,121215,TRACKING (Astra),1920x1080,OK,18,15,10.6,60,50,
run1-handheld-lenovo-low,121215,CALIBRATION (Lenovo),1920x1080,OK,14,11,6.7,82,64,
run1-handheld-lenovo-low,121217,TRACKING (Astra),1920x1080,OK,19,14,10.5,62,47,
run1-handheld-lenovo-low,121217,CALIBRATION (Lenovo),1920x1080,OK,13,10,6.6,78,68,
run1-handheld-lenovo-low,121220,TRACKING (Astra),1920x1080,OK,12,10,10.3,62,55,
run1-handheld-lenovo-low,121220,CALIBRATION (Lenovo),1920x1080,OK,14,11,7.1,76,63,
run1-handheld-lenovo-low,121227,TRACKING (Astra),1920x1080,OK,20,15,8.8,74,49,
run1-handheld-lenovo-low,121227,CALIBRATION (Lenovo),1920x1080,OK,9,8,7.9,78,52,
run1-handheld-lenovo-low,121228,TRACKING (Astra),1920x1080,OK,20,15,8.7,74,50,
run1-handheld-lenovo-low,121228,CALIBRATION (Lenovo),1920x1080,OK,9,8,8.0,79,49,
run1-handheld-lenovo-low,121229,TRACKING (Astra),1920x1080,OK,20,15,8.7,74,49,
run1-handheld-lenovo-low,121229,CALIBRATION (Lenovo),1920x1080,OK,9,8,8.0,78,52,
run1-handheld-lenovo-low,121231,TRACKING (Astra),1920x1080,OK,18,14,8.6,74,53,
run1-handheld-lenovo-low,121231,CALIBRATION (Lenovo),1920x1080,WEAK,6,6,8.1,78,50,corners<8
run1-handheld-lenovo-low,121232,TRACKING (Astra),1920x1080,OK,20,15,8.5,74,53,
run1-handheld-lenovo-low,121232,CALIBRATION (Lenovo),1920x1080,WEAK,6,6,8.1,78,50,corners<8
run2-handheld-lenovo-side,121523,TRACKING (Astra),1920x1080,OK,24,17,8.4,73,56,
run2-handheld-lenovo-side,121523,CALIBRATION (Lenovo),1920x1080,OK,24,17,5.6,92,65,
run2-handheld-lenovo-side,121524,TRACKING (Astra),1920x1080,OK,24,17,8.4,73,55,
run2-handheld-lenovo-side,121524,CALIBRATION (Lenovo),1920x1080,OK,20,16,5.6,91,65,
run2-handheld-lenovo-side,121528,TRACKING (Astra),1920x1080,OK,24,17,8.2,73,58,
run2-handheld-lenovo-side,121528,CALIBRATION (Lenovo),1920x1080,OK,21,15,5.6,91,64,
run2-handheld-lenovo-side,121531,TRACKING (Astra),1920x1080,OK,22,16,8.3,74,55,
run2-handheld-lenovo-side,121531,CALIBRATION (Lenovo),1920x1080,OK,11,12,5.7,88,67,
run2-handheld-lenovo-side,121538,TRACKING (Astra),1920x1080,OK,20,15,7.6,73,65,
run2-handheld-lenovo-side,121538,CALIBRATION (Lenovo),1920x1080,OK,20,15,5.9,87,63,
run2-handheld-lenovo-side,121538,TRACKING (Astra),1920x1080,OK,22,16,7.6,74,65,
run2-handheld-lenovo-side,121538,CALIBRATION (Lenovo),1920x1080,OK,20,15,6.0,87,62,
run2-handheld-lenovo-side,121539,TRACKING (Astra),1920x1080,OK,20,15,7.6,74,64,
run2-handheld-lenovo-side,121539,CALIBRATION (Lenovo),1920x1080,OK,20,15,6.0,87,61,
run3-stand,122421,TRACKING (Astra),1920x1080,OK,15,12,7.6,83,55,
run3-stand,122421,CALIBRATION (Lenovo),1920x1080,OK,24,17,6.1,96,48,
run3-stand,122422,TRACKING (Astra),1920x1080,OK,15,12,7.7,84,54,
run3-stand,122422,CALIBRATION (Lenovo),1920x1080,OK,24,17,6.1,96,48,
run3-stand,122427,TRACKING (Astra),1920x1080,OK,12,10,7.9,82,55,
run3-stand,122427,CALIBRATION (Lenovo),1920x1080,OK,24,17,6.0,97,47,
run3-stand,122435,TRACKING (Astra),1920x1080,OK,16,12,8.3,83,45,
run3-stand,122435,CALIBRATION (Lenovo),1920x1080,OK,24,17,5.9,94,57,
run3-stand,122437,TRACKING (Astra),1920x1080,OK,17,13,8.2,84,45,
run3-stand,122437,CALIBRATION (Lenovo),1920x1080,OK,24,17,5.9,94,57,
run3-stand,122442,TRACKING (Astra),1920x1080,OK,14,11,9.3,80,38,
run3-stand,122442,CALIBRATION (Lenovo),1920x1080,OK,24,17,5.1,104,59,
run4-stand-final,122910,TRACKING (Astra),1920x1080,OK,19,14,6.8,94,49,
run4-stand-final,122910,CALIBRATION (Lenovo),1920x1080,OK,21,15,8.2,77,54,
run4-stand-final,122911,TRACKING (Astra),1920x1080,OK,19,14,6.8,94,50,
run4-stand-final,122911,CALIBRATION (Lenovo),1920x1080,OK,21,15,8.2,77,54,
run4-stand-final,122913,TRACKING (Astra),1920x1080,OK,19,14,6.9,94,49,
run4-stand-final,122913,CALIBRATION (Lenovo),1920x1080,OK,21,15,8.2,77,54,
run4-stand-final,122920,TRACKING (Astra),1920x1080,OK,19,14,6.8,94,50,
run4-stand-final,122920,CALIBRATION (Lenovo),1920x1080,OK,21,15,8.2,77,53,
run4-stand-final,122922,TRACKING (Astra),1920x1080,OK,19,14,6.8,94,50,
run4-stand-final,122922,CALIBRATION (Lenovo),1920x1080,OK,21,15,8.3,77,53,
run4-stand-final,122923,TRACKING (Astra),1920x1080,OK,19,14,6.8,94,50,
run4-stand-final,122923,CALIBRATION (Lenovo),1920x1080,OK,21,15,8.2,77,53,
