time,camera,res,status,corners,markers,px_cell,dist_cm,angle_deg,note
112858,TRACKING (Astra),1920x1080,OK,31,22,4.5,60,1,
112858,CALIBRATION (Lenovo),1920x1080,NO BOARD,0,0,0.0,,,
112900,TRACKING (Astra),1920x1080,OK,20,18,4.4,60,1,
112900,CALIBRATION (Lenovo),1920x1080,NO BOARD,0,0,0.0,,,
112902,TRACKING (Astra),1920x1080,OK,20,21,4.5,59,2,
112902,CALIBRATION (Lenovo),1920x1080,NO BOARD,0,0,0.0,,,
112905,TRACKING (Astra),1920x1080,OK,14,15,3.6,73,1,
112905,CALIBRATION (Lenovo),1920x1080,NO BOARD,0,0,0.0,,,
112907,TRACKING (Astra),1920x1080,OK,20,16,3.7,72,4,
112907,CALIBRATION (Lenovo),1920x1080,NO BOARD,0,0,0.0,,,
112917,TRACKING (Astra),1920x1080,OK,13,14,3.0,85,7,
112917,CALIBRATION (Lenovo),1920x1080,NO BOARD,0,0,0.0,,,
112917,TRACKING (Astra),1920x1080,OK,15,13,3.1,85,3,
112917,CALIBRATION (Lenovo),1920x1080,NO BOARD,0,0,0.0,,,
112918,TRACKING (Astra),1920x1080,OK,12,11,3.1,84,3,
112918,CALIBRATION (Lenovo),1920x1080,NO BOARD,0,0,0.0,,,
112919,TRACKING (Astra),1920x1080,WEAK,8,10,3.1,83,6,corners<12
112919,CALIBRATION (Lenovo),1920x1080,NO BOARD,0,0,0.0,,,
112921,TRACKING (Astra),1920x1080,WEAK,12,12,2.7,94,12,too far / small
112921,CALIBRATION (Lenovo),1920x1080,NO BOARD,0,0,0.0,,,
112922,TRACKING (Astra),1920x1080,WEAK,11,12,2.7,96,7,"corners<12, too far / small"
112922,CALIBRATION (Lenovo),1920x1080,WEAK,1,2,2.3,,,"corners<12, too far / small"
112923,TRACKING (Astra),1920x1080,WEAK,6,12,2.7,95,7,"corners<12, too far / small"
112923,CALIBRATION (Lenovo),1920x1080,NO BOARD,0,0,0.0,,,
112929,TRACKING (Astra),1920x1080,OK,16,15,3.2,82,4,
112929,CALIBRATION (Lenovo),1920x1080,NO BOARD,0,0,0.0,,,
112930,TRACKING (Astra),1920x1080,OK,17,15,3.1,82,6,
112930,CALIBRATION (Lenovo),1920x1080,NO BOARD,0,0,0.0,,,
112931,TRACKING (Astra),1920x1080,OK,17,18,3.2,83,4,
112931,CALIBRATION (Lenovo),1920x1080,NO BOARD,0,0,0.0,,,
112932,TRACKING (Astra),1920x1080,OK,12,12,3.1,82,6,
112932,CALIBRATION (Lenovo),1920x1080,NO BOARD,0,0,0.0,,,
113442,TRACKING (Astra),1920x1080,OK,13,15,3.6,62,53,
113442,CALIBRATION (Lenovo),1920x1080,WEAK,23,18,3.0,73,49,too far / small
113443,TRACKING (Astra),1920x1080,OK,20,19,3.6,62,54,
113443,CALIBRATION (Lenovo),1920x1080,WEAK,27,19,3.0,73,49,too far / small
113443,TRACKING (Astra),1920x1080,OK,19,18,3.6,63,53,
113443,CALIBRATION (Lenovo),1920x1080,OK,27,19,3.0,73,49,
113443,TRACKING (Astra),1920x1080,OK,19,19,3.6,62,53,
113443,CALIBRATION (Lenovo),1920x1080,WEAK,27,19,3.0,73,49,too far / small
113444,TRACKING (Astra),1920x1080,OK,27,21,3.6,62,54,
113444,CALIBRATION (Lenovo),1920x1080,OK,25,18,3.0,73,50,
113446,TRACKING (Astra),1920x1080,OK,13,14,3.5,61,52,
113446,CALIBRATION (Lenovo),1920x1080,OK,27,19,3.0,72,48,
113446,TRACKING (Astra),1920x1080,OK,23,20,3.6,62,56,
113446,CALIBRATION (Lenovo),1920x1080,OK,27,19,3.0,72,49,
113447,TRACKING (Astra),1920x1080,OK,19,18,3.6,62,57,
113447,CALIBRATION (Lenovo),1920x1080,OK,27,19,3.0,72,49,
113447,TRACKING (Astra),1920x1080,OK,24,21,3.6,62,55,
113447,CALIBRATION (Lenovo),1920x1080,WEAK,27,19,3.0,72,49,too far / small
113447,TRACKING (Astra),1920x1080,WEAK,11,15,3.6,62,57,corners<12
113447,CALIBRATION (Lenovo),1920x1080,WEAK,27,19,3.0,72,49,too far / small
113448,TRACKING (Astra),1920x1080,OK,24,20,3.6,61,55,
113448,CALIBRATION (Lenovo),1920x1080,OK,25,18,3.0,72,50,
113448,TRACKING (Astra),1920x1080,OK,19,17,3.6,62,57,
113448,CALIBRATION (Lenovo),1920x1080,WEAK,27,19,3.0,72,49,too far / small
113449,TRACKING (Astra),1920x1080,OK,18,17,3.7,61,56,
113449,CALIBRATION (Lenovo),1920x1080,WEAK,27,19,2.9,72,52,too far / small
113450,TRACKING (Astra),1920x1080,WEAK,9,12,3.7,63,53,corners<12
113450,CALIBRATION (Lenovo),1920x1080,WEAK,27,19,2.9,71,53,too far / small
113450,TRACKING (Astra),1920x1080,OK,20,16,3.6,61,53,
113450,CALIBRATION (Lenovo),1920x1080,WEAK,27,19,2.9,71,52,too far / small
113457,TRACKING (Astra),1920x1080,WEAK,11,11,3.6,61,60,corners<12
113457,CALIBRATION (Lenovo),1920x1080,OK,27,19,3.1,66,55,
113459,TRACKING (Astra),1920x1080,OK,21,17,3.8,61,53,
113459,CALIBRATION (Lenovo),1920x1080,OK,15,13,3.1,65,65,
113459,TRACKING (Astra),1920x1080,OK,22,17,3.8,61,52,
113459,CALIBRATION (Lenovo),1920x1080,WEAK,14,13,2.9,65,66,too far / small
113500,TRACKING (Astra),1920x1080,WEAK,9,10,3.9,61,52,corners<12
113500,CALIBRATION (Lenovo),1920x1080,OK,12,12,3.0,64,67,
113500,TRACKING (Astra),1920x1080,OK,19,16,3.8,61,52,
113500,CALIBRATION (Lenovo),1920x1080,WEAK,19,16,2.9,65,65,too far / small
113501,TRACKING (Astra),1920x1080,OK,16,15,3.7,61,54,
113501,CALIBRATION (Lenovo),1920x1080,OK,17,15,3.1,65,64,
113501,TRACKING (Astra),1920x1080,OK,18,15,3.7,61,54,
113501,CALIBRATION (Lenovo),1920x1080,OK,17,16,3.0,66,63,
113503,TRACKING (Astra),1920x1080,OK,19,15,3.9,61,52,
113503,CALIBRATION (Lenovo),1920x1080,WEAK,12,14,2.9,65,67,too far / small
113508,TRACKING (Astra),1920x1080,OK,16,16,3.8,62,51,
113508,CALIBRATION (Lenovo),1920x1080,WEAK,25,18,2.9,71,58,too far / small
113509,TRACKING (Astra),1920x1080,WEAK,11,11,3.6,61,58,corners<12
113509,CALIBRATION (Lenovo),1920x1080,OK,27,19,3.0,70,52,
113510,TRACKING (Astra),1920x1080,OK,15,16,3.5,63,53,
113510,CALIBRATION (Lenovo),1920x1080,WEAK,27,19,2.9,73,53,too far / small
113511,TRACKING (Astra),1920x1080,OK,22,17,3.7,63,53,
113511,CALIBRATION (Lenovo),1920x1080,WEAK,25,18,3.0,72,53,too far / small
113516,TRACKING (Astra),1920x1080,WEAK,11,13,3.5,64,57,corners<12
113516,CALIBRATION (Lenovo),1920x1080,OK,27,19,3.2,67,52,
113517,TRACKING (Astra),1920x1080,OK,18,15,3.4,64,58,
113517,CALIBRATION (Lenovo),1920x1080,OK,27,19,3.2,67,52,
113517,TRACKING (Astra),1920x1080,WEAK,7,10,3.6,64,59,corners<12
113517,CALIBRATION (Lenovo),1920x1080,OK,27,19,3.2,67,51,
113519,TRACKING (Astra),1920x1080,OK,26,19,3.9,62,46,
113519,CALIBRATION (Lenovo),1920x1080,WEAK,10,9,3.2,68,66,corners<12
113520,TRACKING (Astra),1920x1080,OK,19,16,4.0,62,46,
113520,CALIBRATION (Lenovo),1920x1080,WEAK,10,8,3.1,68,67,corners<12
113520,TRACKING (Astra),1920x1080,OK,22,18,3.9,62,47,
113520,CALIBRATION (Lenovo),1920x1080,WEAK,8,7,3.2,67,66,corners<12
113521,TRACKING (Astra),1920x1080,OK,26,19,3.9,62,45,
113521,CALIBRATION (Lenovo),1920x1080,WEAK,8,7,3.2,68,67,corners<12
113522,TRACKING (Astra),1920x1080,OK,23,19,3.9,62,46,
113522,CALIBRATION (Lenovo),1920x1080,WEAK,2,4,3.1,,,corners<12
113522,TRACKING (Astra),1920x1080,OK,23,19,3.9,62,46,
113522,CALIBRATION (Lenovo),1920x1080,WEAK,2,3,3.1,,,corners<12
113525,TRACKING (Astra),1920x1080,WEAK,6,10,3.2,63,66,corners<12
113525,CALIBRATION (Lenovo),1920x1080,OK,20,15,3.2,69,44,
113526,TRACKING (Astra),1920x1080,WEAK,9,10,3.4,64,58,corners<12
113526,CALIBRATION (Lenovo),1920x1080,OK,27,19,3.2,71,50,
113526,TRACKING (Astra),1920x1080,OK,18,18,3.5,65,49,
113526,CALIBRATION (Lenovo),1920x1080,OK,27,19,3.1,72,52,
113527,TRACKING (Astra),1920x1080,OK,22,17,3.5,65,52,
113527,CALIBRATION (Lenovo),1920x1080,OK,27,19,3.2,71,51,
113528,TRACKING (Astra),1920x1080,WEAK,10,15,3.5,68,48,corners<12
113528,CALIBRATION (Lenovo),1920x1080,OK,15,12,3.1,75,48,
113529,TRACKING (Astra),1920x1080,OK,17,21,3.5,67,45,
113529,CALIBRATION (Lenovo),1920x1080,OK,15,12,3.0,75,50,
113529,TRACKING (Astra),1920x1080,OK,18,18,3.5,68,44,
113529,CALIBRATION (Lenovo),1920x1080,OK,15,12,3.0,75,50,
113530,TRACKING (Astra),1920x1080,OK,28,22,3.5,68,45,
113530,CALIBRATION (Lenovo),1920x1080,OK,15,12,3.0,75,50,
113531,TRACKING (Astra),1920x1080,OK,15,18,3.5,68,43,
113531,CALIBRATION (Lenovo),1920x1080,OK,15,12,3.0,75,50,
113531,TRACKING (Astra),1920x1080,OK,15,17,3.5,68,45,
113531,CALIBRATION (Lenovo),1920x1080,OK,15,12,3.0,75,50,
113532,TRACKING (Astra),1920x1080,OK,19,19,3.5,68,44,
113532,CALIBRATION (Lenovo),1920x1080,OK,15,12,3.0,75,50,
113533,TRACKING (Astra),1920x1080,OK,12,14,3.3,68,54,
113533,CALIBRATION (Lenovo),1920x1080,OK,15,12,3.2,73,45,
113535,TRACKING (Astra),1920x1080,OK,23,20,3.7,67,39,
113535,CALIBRATION (Lenovo),1920x1080,WEAK,15,12,2.9,75,58,too far / small
